title,type,year,duration,rating,genres,descriptors,tubi_url,torrent_found,seed_status,max_seeders,total_results
=== HOMEPAGE ===,,,,,,,,,,,
Charlie's Angels,series,1981,,TV-14,"Action, Adventure, Crime, Mystery",,https://tubitv.com/series/300006625/charlie-s-angels,True,healthy,484,99
Courage the Cowardly Dog,series,2002,,TV-PG,"Comedy, Horror, Animation",,https://tubitv.com/series/300019075/courage-the-cowardly-dog,True,healthy,102,151
Dawson's Creek,series,2003,,TV-14,"Drama, Romance",,https://tubitv.com/series/300013803/dawson-s-creek,True,healthy,14,63
White Chicks,movie,2004,1h 49m,PG-13,"Comedy, Crime",,https://tubitv.com/movies/670475/white-chicks,True,healthy,143,152
The Jeffersons,series,1985,,TV-PG,Comedy,,https://tubitv.com/series/300008457/the-jeffersons,True,healthy,218,113
"Ed, Edd n Eddy",series,2008,,TV-G,"Kids & Family, Comedy, Animation",,https://tubitv.com/series/300019095/ed-edd-n-eddy,True,healthy,154,150
U.S. Marshals,movie,1998,2h 12m,PG-13,"Action, Crime, Thriller",,https://tubitv.com/movies/672658/u-s-marshals,True,healthy,1571,147
Superbad,movie,2007,1h 54m,R,Comedy,,https://tubitv.com/movies/710383/superbad,True,healthy,135,155
Foster's Home for Imaginary Friends,series,2008,,TV-G,"Kids & Family, Adventure, Comedy",,https://tubitv.com/series/300019076/foster-s-home-for-imaginary-friends,True,healthy,12,12
Scary Movie,movie,2000,1h 29m,R,"Comedy, Horror",,https://tubitv.com/movies/100034859/scary-movie,True,healthy,293,161
Garfield Gets Real,movie,2007,1h 18m,TV-G,"Animation, Comedy, Adventure, Kids & Family",,https://tubitv.com/movies/705037/garfield-gets-real,True,healthy,29,41
Foster's Home for Imaginary Friends,series,2008,,TV-G,"Kids & Family, Adventure, Comedy",,https://tubitv.com/series/300019076/foster-s-home-for-imaginary-friends,True,healthy,12,12
Scary Movie,movie,2000,1h 29m,R,"Comedy, Horror",,https://tubitv.com/movies/100034859/scary-movie,True,healthy,293,161
Teen Titans,series,2006,,TV-PG,"Action, Adventure, Crime",,https://tubitv.com/series/300019071/teen-titans,True,healthy,142,165
Codename: Kids Next Door,series,2007,,TV-Y7,"Kids & Family, Adventure, Comedy, Animation",,https://tubitv.com/series/300019082/codename-kids-next-door,True,healthy,95,41
Legally Blonde,movie,2001,1h 37m,PG-13,"Comedy, Romance",,https://tubitv.com/movies/358573/legally-blonde,True,healthy,331,125
Scary Movie 2,movie,2001,1h 23m,R,"Comedy, Horror",,https://tubitv.com/movies/100034861/scary-movie-2,True,healthy,293,152
Road House,movie,2024,2h 2m,R,"Action, Drama, Thriller",,https://tubitv.com/movies/100053681/road-house,True,healthy,1734,169
Scooby-Doo,movie,2002,1h 27m,PG,"Comedy, Mystery, Fantasy, Kids & Family",,https://tubitv.com/movies/515490/scooby-doo,True,healthy,172,255
Dexter's Laboratory,series,2003,,TV-G,"Kids & Family, Animation, Comedy",,https://tubitv.com/series/300019090/dexter-s-laboratory,True,healthy,61,46
Grown Ups 2,movie,2013,1h 42m,PG-13,Comedy,,https://tubitv.com/movies/100013977/grown-ups-2,True,healthy,139,152
Grown Ups 2,movie,2013,1h 42m,PG-13,Comedy,,https://tubitv.com/movies/100013977/grown-ups-2,True,healthy,139,152
Bring It On,movie,2000,1h 39m,PG-13,"Comedy, Sport, Romance",,https://tubitv.com/movies/100002047/bring-it-on,True,healthy,478,169
Scream,movie,1996,1h 52m,R,Horror,,https://tubitv.com/movies/100054992/scream,True,healthy,2647,256
"Girl, Interrupted",movie,1999,2h 8m,R,Drama,,https://tubitv.com/movies/556424/girl-interrupted,True,healthy,195,97
The Croods,movie,2013,1h 39m,PG,"Kids & Family, Adventure, Comedy, Animation, Fantasy",,https://tubitv.com/movies/100055111/the-croods,True,healthy,113,158
Let's Be Cops,movie,2014,1h 45m,R,"Comedy, Action",,https://tubitv.com/movies/655134/let-s-be-cops,True,healthy,405,88
Hitch,movie,2005,1h 59m,PG-13,"Comedy, Romance",,https://tubitv.com/movies/672415/hitch,True,healthy,231,196
Dirty Grandpa,movie,2016,1h 43m,R,Comedy,,https://tubitv.com/movies/100028608/dirty-grandpa,True,healthy,131,153
What Happens in Vegas,movie,2008,1h 39m,PG-13,"Comedy, Romance",,https://tubitv.com/movies/625907/what-happens-in-vegas,True,healthy,224,150
Kissing Is the Easy Part,movie,2026,1h 41m,TV-14,Romance,"D, L, S",https://tubitv.com/movies/100050541/kissing-is-the-easy-part,True,healthy,772,6
Mr. Robot,series,2019,,TV-MA,"Drama, Crime, Thriller",,https://tubitv.com/series/300015515/mr-robot,True,healthy,250,141
Why Him?,movie,2016,1h 52m,R,Comedy,,https://tubitv.com/movies/100054361/why-him,True,healthy,174,147
Gemini Man,movie,2019,1h 58m,PG-13,"Action, Sci-Fi, Thriller",,https://tubitv.com/movies/100053674/gemini-man,True,healthy,87,148
What Happens in Vegas,movie,2008,1h 39m,PG-13,"Comedy, Romance",,https://tubitv.com/movies/625907/what-happens-in-vegas,True,healthy,224,150
Bring It On: All or Nothing,movie,2006,1h 39m,PG-13,"Comedy, Sport",,https://tubitv.com/movies/616516/bring-it-on-all-or-nothing,True,healthy,73,51
I Am Number Four,movie,2011,1h 50m,PG-13,"Sci-Fi, Action, Adventure",,https://tubitv.com/movies/100003807/i-am-number-four,True,healthy,63,151
Identity Thief,movie,2013,1h 52m,R,"Comedy, Action, Crime",,https://tubitv.com/movies/724345/identity-thief,True,healthy,123,155
You Don't Mess with the Zohan,movie,2008,1h 53m,PG-13,"Comedy, Action",,https://tubitv.com/movies/710375/you-don-t-mess-with-the-zohan,True,healthy,685,94
Bullet Train,movie,2022,2h 7m,R,"Action, Comedy, Thriller",,https://tubitv.com/movies/100053685/bullet-train,True,healthy,705,160
Tyler Perry's Madea's Witness Protection,movie,2012,1h 55m,PG-13,"Comedy, Drama",,https://tubitv.com/movies/579298/tyler-perry-s-madea-s-witness-protection,True,low_seed,1,7
Terri Joe: Missionary in Miami,movie,2026,1h 22m,TV-MA,Comedy,"L, S",https://tubitv.com/movies/100050126/terri-joe-missionary-in-miami,True,healthy,126,6
House of Feelings,series,2026,,TV-14,"Reality, Romance, Comedy",,https://tubitv.com/series/300018684/house-of-feelings,False,not_found,0,0
The Cyanide & Happiness Show,series,2014,,TV-MA,"Comedy, Animation",,https://tubitv.com/series/300018113/the-cyanide-happiness-show,True,healthy,24,58
Stay Wild,series,2026,,TV-PG,"Reality, Comedy",,https://tubitv.com/series/300019707/stay-wild,True,healthy,15,24
Jordan & Salish Matter,series,2026,,TV-G,"Kids & Family, Reality",,https://tubitv.com/series/300016928/jordan-salish-matter,False,not_found,0,0
Ben Azelart,series,2026,,TV-PG,Reality,,https://tubitv.com/series/300019236/ben-azelart,False,not_found,0,0
The Royalty Family,series,2026,,TV-PG,"Reality, Lifestyle, Comedy",,https://tubitv.com/series/300018659/the-royalty-family,False,not_found,0,0
Bass Fishing Productions,series,2025,,TV-PG,"Reality, Adventure, Science & Nature",,https://tubitv.com/series/300017976/bass-fishing-productions,False,not_found,0,0
Like Nastya,series,2022,,TV-G,"Kids & Family, Music, Comedy",,https://tubitv.com/series/300011343/like-nastya,True,healthy,107,8
Minecraft with EYstreem,series,2024,,TV-PG,"Reality, Comedy, Entertainment",,https://tubitv.com/series/300018545/minecraft-with-eystreem,False,not_found,0,0
Dexter's Laboratory,series,2003,,TV-G,"Kids & Family, Animation, Comedy",,https://tubitv.com/series/300019090/dexter-s-laboratory,True,healthy,61,46
Scooby-Doo Where Are You?,series,1976,,TV-G,"Kids & Family, Animation, Comedy, Mystery",,https://tubitv.com/series/300006854/scooby-doo-where-are-you,True,healthy,84,130
The Powerpuff Girls,series,2005,,TV-Y7,"Action, Adventure, Animation, Comedy",,https://tubitv.com/series/300019078/the-powerpuff-girls,True,healthy,66,152
Ben 10,series,2007,,TV-Y7,"Action, Comedy, Adventure, Animation",FV,https://tubitv.com/series/300019074/ben-10,True,healthy,73,155
Tom and Jerry Theatricals,series,1964,,TV-PG,"Kids & Family, Adventure, Animation, Comedy",,https://tubitv.com/series/300000610/tom-and-jerry-theatricals,False,not_found,0,0
Looney Tunes,series,2003,,TV-PG,"Kids & Family, Animation, Comedy",,https://tubitv.com/series/300016553/looney-tunes,True,healthy,144,161
"What's New, Scooby-Doo?",series,2006,,TV-G,"Animation, Kids & Family, Comedy, Mystery",,https://tubitv.com/series/300010794/what-s-new-scooby-doo,True,healthy,32,41
The Looney Tunes Show,series,2013,,TV-PG,"Animation, Comedy, Kids & Family",,https://tubitv.com/series/300015103/the-looney-tunes-show,True,healthy,27,150
My Little Pony: Friendship Is Magic,series,2010,,TV-Y,"Kids & Family, Fantasy, Adventure, Animation",,https://tubitv.com/series/300014190/my-little-pony-friendship-is-magic,True,healthy,47,150
Animaniacs,series,1998,,TV-G,"Kids & Family, Animation, Comedy",,https://tubitv.com/series/300019067/animaniacs,True,healthy,102,152
Compilations,unknown,2025,52 min,NR,Family Feud,,https://tubitv.com/live/400000196/family-feud,True,healthy,94,148
How Will the Mets ADJUST Without Juan Soto in the Lineup? | D-Backs vs. Mets Series Preview,unknown,2022,34 min,TV-14,WTIC Hartford FOX61,,https://tubitv.com/live/644789/wtic-hartford-fox61,False,not_found,0,0
Chicago Fire,unknown,,,TV-14,ION,,https://tubitv.com/live/682634/ion,True,healthy,892,143
How It's Made,unknown,,,TV-G,"Documentary, How To",,https://tubitv.com/live/715952/how-to,True,healthy,121,148
Fatal Attraction-Dupe,unknown,,,TV-14,"Documentary, TV One Crime & Justice",,https://tubitv.com/live/400000011/tv-one-crime-justice,False,not_found,0,0
Dateline NBC,unknown,,,NR,Dateline 24/7,,https://tubitv.com/live/711410/dateline-24-7,True,healthy,159,133
Forensic Files,unknown,,,TV-14,"Documentary, Forensic Files",,https://tubitv.com/live/671083/forensic-files,True,healthy,87,147
LiveNOW from FOX,unknown,2020,4 hr,NR,LiveNOW from FOX,,https://tubitv.com/live/555127/livenow-from-fox,False,not_found,0,0
BodyCam by Law&Crime,unknown,,,TV-14,"Crime, Law&Crime",,https://tubitv.com/live/400000251/law-crime,False,not_found,0,0
Hawaii Five-0,unknown,,,TV-14,ION Mystery,,https://tubitv.com/live/684167/ion-mystery,True,healthy,75,150
Boarders,series,2026,,TV-MA,"Drama, Comedy",L,https://tubitv.com/series/300002557/boarders,True,healthy,62,136
Rockabye,movie,2026,1h 38m,TV-14,Thriller,"L, V",https://tubitv.com/movies/100049583/rockabye,True,healthy,390,102
Woman to Woman,movie,2026,1h 39m,TV-14,Thriller,V,https://tubitv.com/movies/100046434/woman-to-woman,True,healthy,583,169
Gonzaga: The Slipper Still Fits,movie,2026,1h 15m,TV-14,"Drama, Sport, Documentary",L,https://tubitv.com/movies/100053310/gonzaga-the-slipper-still-fits,False,not_found,0,0
We Got Time Today,series,2026,,TV-14,"Talk Show, Reality","D, L",https://tubitv.com/series/300013864/we-got-time-today,True,healthy,11,27
The Bachelorette Party,movie,2026,1h 22m,TV-14,Thriller,"D, L",https://tubitv.com/movies/100047590/the-bachelorette-party,True,healthy,195,94
WWE EVOLVE,series,2026,,TV-PG,Entertainment,,https://tubitv.com/series/300015112/wwe-evolve,True,healthy,21,150
Unrequited,movie,2026,1h 35m,TV-MA,Thriller,L,https://tubitv.com/movies/100045155/unrequited,True,healthy,1157,104
Kissing Is the Easy Part,movie,2026,1h 41m,TV-14,Romance,"D, L, S",https://tubitv.com/movies/100050541/kissing-is-the-easy-part,True,healthy,772,6
The Moment,movie,2026,1h 16m,TV-MA,"Sport, Documentary",L,https://tubitv.com/movies/100052785/the-moment,True,healthy,776,181
Home,movie,2015,1h 34m,PG,"Kids & Family, Animation, Adventure, Sci-Fi, Comedy",,https://tubitv.com/movies/100054800/home,True,healthy,711,258
Zombieland: Double Tap,movie,2019,1h 40m,R,"Action, Comedy, Horror, Sci-Fi",,https://tubitv.com/movies/100053682/zombieland-double-tap,True,healthy,224,131
Chappie,movie,2015,2h 1m,R,"Sci-Fi, Action, Crime, Thriller",,https://tubitv.com/movies/556756/chappie,True,healthy,95,153
The Hot Chick,movie,2002,1h 45m,PG-13,"Comedy, Fantasy",,https://tubitv.com/movies/579151/the-hot-chick,True,healthy,151,142
The NeverEnding Story,movie,1984,1h 34m,PG,"Adventure, Fantasy, Kids & Family",,https://tubitv.com/movies/100040651/the-neverending-story,True,healthy,324,159
Assassin's Creed,movie,2016,1h 56m,PG-13,"Action, Adventure, Sci-Fi",,https://tubitv.com/movies/100026825/assassin-s-creed,True,healthy,1775,147
Sunshine,movie,2007,1h 48m,R,"Sci-Fi, Thriller",,https://tubitv.com/movies/100054353/sunshine,True,healthy,333,218
Teenage Mutant Ninja Turtles,movie,2014,1h 42m,PG-13,"Action, Comedy, Sci-Fi",,https://tubitv.com/movies/506403/teenage-mutant-ninja-turtles,True,healthy,100,177
Night at the Museum,movie,2006,1h 49m,PG,"Comedy, Adventure, Fantasy",,https://tubitv.com/movies/100053642/night-at-the-museum,True,healthy,601,161
Scary Movie 3,movie,2003,1h 25m,PG-13,"Comedy, Horror, Sci-Fi",,https://tubitv.com/movies/100034860/scary-movie-3,True,healthy,293,152
Megan is Missing,movie,2011,1h 26m,TV-MA,"Drama, Horror, Thriller",,https://tubitv.com/movies/283959/megan-is-missing,True,healthy,200,45
Fear Factor: House of Fear,series,2026,,TV-14,Reality,"L, V",https://tubitv.com/series/300018966/fear-factor-house-of-fear,True,healthy,149,138
House of Wax,movie,2005,1h 53m,R,"Horror, Thriller",,https://tubitv.com/movies/100048010/house-of-wax,True,healthy,164,134
Thirteen Ghosts,movie,2001,1h 31m,R,"Horror, Fantasy, Thriller",,https://tubitv.com/movies/100048009/thirteen-ghosts,True,healthy,49,24
Jeepers Creepers,movie,2001,1h 32m,R,Horror,,https://tubitv.com/movies/312183/jeepers-creepers,True,healthy,1272,161
Scary Movie 3,movie,2003,1h 25m,PG-13,"Comedy, Horror, Sci-Fi",,https://tubitv.com/movies/100034860/scary-movie-3,True,healthy,293,152
The Taking of Deborah Logan,movie,2014,1h 31m,R,Horror,,https://tubitv.com/movies/521444/the-taking-of-deborah-logan,True,healthy,2393,83
Child's Play (1988),movie,1988,1h 28m,R,Horror,,https://tubitv.com/movies/438117/child-s-play-1988,True,healthy,35,37
Queen of the Damned,movie,2002,1h 42m,R,"Horror, Drama, Fantasy",,https://tubitv.com/movies/581920/queen-of-the-damned,True,healthy,215,110
Spree,movie,2020,1h 33m,TV-MA,"Horror, Crime, Comedy, Independent",,https://tubitv.com/movies/100040120/spree,True,healthy,152,161
Piranha 3D,movie,2010,1h 29m,R,"Comedy, Horror, Sci-Fi",,https://tubitv.com/movies/100016658/piranha-3d,True,healthy,45,99
Courage the Cowardly Dog,series,2002,,TV-PG,"Comedy, Horror, Animation",,https://tubitv.com/series/300019075/courage-the-cowardly-dog,True,healthy,102,151
Curse of the Blair Witch,movie,1999,44m,TV-14,"Documentary, Horror",,https://tubitv.com/movies/302809/curse-of-the-blair-witch,True,healthy,185,2
Scary Movie,movie,2000,1h 29m,R,"Comedy, Horror",,https://tubitv.com/movies/100034859/scary-movie,True,healthy,293,161
The Collapsed,movie,2011,1h 23m,TV-MA,"Horror, Drama, Sci-Fi, Thriller",,https://tubitv.com/movies/100056005/the-collapsed,True,healthy,534,84
Snake Outta Compton,movie,2018,1h 24m,R,"Horror, Comedy, Sci-Fi",,https://tubitv.com/movies/486424/snake-outta-compton,True,healthy,270,55
Scary Movie 2,movie,2001,1h 23m,R,"Comedy, Horror",,https://tubitv.com/movies/100034861/scary-movie-2,True,healthy,293,152
Creature,movie,1985,1h 35m,R,"Horror, Sci-Fi",,https://tubitv.com/movies/100046828/creature,True,healthy,102,247
247 Degrees Fahrenheit,movie,2011,1h 28m,TV-MA,"Horror, Thriller",,https://tubitv.com/movies/356372/247-degrees-fahrenheit,True,healthy,505,58
Bones and All,movie,2022,2h 11m,R,"Horror, Drama, Romance",,https://tubitv.com/movies/100042439/bones-and-all,True,healthy,1453,72
La esclava Isaura,series,2004,,TV-14,"Drama, Romance, Foreign/International",,https://tubitv.com/series/300015391/la-esclava-isaura,False,not_found,0,0
How to Lose a Popularity Contest,movie,2026,1h 43m,TV-14,"Romance, Comedy","D, L",https://tubitv.com/movies/100049581/how-to-lose-a-popularity-contest,True,healthy,170,8
Clifford,series,2003,,TV-Y,"Kids & Family, Adventure, Animation",,https://tubitv.com/series/300013071/clifford,True,healthy,69,159
The Last Challenge,movie,1967,1h 36m,TV-PG,Western,,https://tubitv.com/movies/100055425/the-last-challenge,True,healthy,1076,17
Igor,movie,2008,1h 27m,PG,"Kids & Family, Animation, Comedy",,https://tubitv.com/movies/334155/igor,True,healthy,91,160
Moisés y los diez mandamientos,series,2016,,TV-14,"Drama, Foreign/International",,https://tubitv.com/series/300015307/mois-s-y-los-diez-mandamientos,False,not_found,0,0
Fantasy Island,series,1984,,TV-G,"Fantasy, Comedy, Drama",,https://tubitv.com/series/300006868/fantasy-island,True,healthy,95,154
Cheech and Chong's Next Movie,movie,1980,1h 41m,R,Comedy,,https://tubitv.com/movies/469619/cheech-and-chong-s-next-movie,True,healthy,86,11
Secrets of a Side Chick,movie,2022,2h 3m,TV-MA,"Crime, Drama, Romance",,https://tubitv.com/movies/100021045/secrets-of-a-side-chick,False,not_found,0,0
Felon,movie,2008,1h 45m,R,"Thriller, Crime",,https://tubitv.com/movies/670405/felon,True,healthy,29,150
Goodfellas,movie,1990,2h 26m,R,"Drama, Crime",,https://tubitv.com/movies/610572/goodfellas,True,healthy,276,153
Kissing Is the Easy Part,movie,2026,1h 41m,TV-14,Romance,"D, L, S",https://tubitv.com/movies/100050541/kissing-is-the-easy-part,True,healthy,772,6
I Am Number Four,movie,2011,1h 50m,PG-13,"Sci-Fi, Action, Adventure",,https://tubitv.com/movies/100003807/i-am-number-four,True,healthy,63,151
Bullet Train,movie,2022,2h 7m,R,"Action, Comedy, Thriller",,https://tubitv.com/movies/100053685/bullet-train,True,healthy,705,160
Oldboy,movie,2003,2h 1m,R,"Thriller, Action, Independent, Foreign/International",,https://tubitv.com/movies/100052443/oldboy,True,healthy,249,158
Lawless,movie,2012,1h 56m,R,"Western, Action, Crime, Independent",,https://tubitv.com/movies/464155/lawless,True,healthy,341,158
Bones and All,movie,2022,2h 11m,R,"Horror, Drama, Romance",,https://tubitv.com/movies/100042439/bones-and-all,True,healthy,1453,72
Night at the Museum,movie,2006,1h 49m,PG,"Comedy, Adventure, Fantasy",,https://tubitv.com/movies/100053642/night-at-the-museum,True,healthy,601,161
The Count of Monte Cristo,movie,2002,2h 12m,PG-13,"Adventure, Drama",,https://tubitv.com/movies/100026714/the-count-of-monte-cristo,True,healthy,643,158
Sidelined: The QB and Me,movie,2024,1h 39m,TV-14,"Romance, Drama, Sport","D, L",https://tubitv.com/movies/100028262/sidelined-the-qb-and-me,True,healthy,1312,18
Donnie Darko (Director's Cut),movie,2001,2h 14m,R,"Thriller, Drama, Sci-Fi",,https://tubitv.com/movies/100010422/donnie-darko-director-s-cut,True,healthy,52,27
SLC Punk,movie,1999,1h 38m,R,"Drama, Comedy",,https://tubitv.com/movies/100007202/slc-punk,True,healthy,103,71
Foster's Home for Imaginary Friends,series,2008,,TV-G,"Kids & Family, Adventure, Comedy",,https://tubitv.com/series/300019076/foster-s-home-for-imaginary-friends,True,healthy,12,12
Terri Joe: Missionary in Miami,movie,2026,1h 22m,TV-MA,Comedy,"L, S",https://tubitv.com/movies/100050126/terri-joe-missionary-in-miami,True,healthy,126,6
Monty Python's Personal Best,series,2006,,TV-MA,"Comedy, Documentary",,https://tubitv.com/series/300015456/monty-python-s-personal-best,True,low_seed,4,10
FernGully: The Last Rainforest,movie,1992,1h 16m,G,"Fantasy, Adventure, Kids & Family, Animation",,https://tubitv.com/movies/715229/ferngully-the-last-rainforest,True,healthy,148,52
The Rugrats Movie,movie,1998,1h 20m,G,"Kids & Family, Animation, Comedy, Adventure, Drama",,https://tubitv.com/movies/519061/the-rugrats-movie,True,healthy,42,71
The Dark Crystal,movie,1982,1h 34m,PG,"Kids & Family, Adventure, Fantasy",,https://tubitv.com/movies/100021025/the-dark-crystal,True,healthy,140,151
Labyrinth,movie,1986,1h 42m,PG,"Fantasy, Adventure, Kids & Family",,https://tubitv.com/movies/100021024/labyrinth,True,healthy,106,176
Howard the Duck,movie,1986,1h 51m,PG,"Comedy, Sci-Fi",,https://tubitv.com/movies/100000867/howard-the-duck,True,healthy,290,116
Teen Wolf,movie,1985,1h 33m,PG,"Comedy, Fantasy",,https://tubitv.com/movies/348455/teen-wolf,True,healthy,312,157
Mid90s,movie,2018,1h 26m,R,"Drama, Comedy, Independent",,https://tubitv.com/movies/711013/mid90s,True,healthy,204,87
Superbad,movie,2007,1h 54m,R,Comedy,,https://tubitv.com/movies/710383/superbad,True,healthy,135,155
Legally Blonde,movie,2001,1h 37m,PG-13,"Comedy, Romance",,https://tubitv.com/movies/358573/legally-blonde,True,healthy,331,125
Bring It On,movie,2000,1h 39m,PG-13,"Comedy, Sport, Romance",,https://tubitv.com/movies/100002047/bring-it-on,True,healthy,478,169
Scream,movie,1996,1h 52m,R,Horror,,https://tubitv.com/movies/100054992/scream,True,healthy,2647,256
Coyote Ugly,movie,2000,1h 41m,PG-13,"Comedy, Drama",,https://tubitv.com/movies/607991/coyote-ugly,True,healthy,183,124
ATL,movie,2006,1h 47m,PG-13,"Comedy, Drama, Romance, Music, Crime",,https://tubitv.com/movies/637111/atl,True,healthy,100,194
"South Park: Bigger, Longer & Uncut",movie,1999,1h 22m,R,"Animation, Comedy, Musicals",,https://tubitv.com/movies/314557/south-park-bigger-longer-uncut,True,healthy,2035,116
Snowpiercer,movie,2013,2h 7m,R,"Sci-Fi, Action, Drama",,https://tubitv.com/movies/589397/snowpiercer,True,healthy,138,153
A Few Good Men,movie,1992,2h 19m,R,"Drama, War",,https://tubitv.com/movies/695499/a-few-good-men,True,healthy,128,145
Airplane!,movie,1980,1h 28m,PG,Comedy,,https://tubitv.com/movies/519071/airplane,True,healthy,167,112
Blood and Bone,movie,2009,1h 34m,R,"Drama, Action, Crime",,https://tubitv.com/movies/694142/blood-and-bone,True,healthy,526,127
Fist of Fury,movie,1972,1h 47m,R,"Action, Drama, Foreign/International",,https://tubitv.com/movies/497642/fist-of-fury,True,healthy,367,150
The Martial Arts Kid,movie,2015,1h 44m,TV-14,"Action, Kids & Family",,https://tubitv.com/movies/697872/the-martial-arts-kid,True,healthy,11,3
As Good as Dead,movie,2022,1h 30m,TV-MA,"Action, Crime",,https://tubitv.com/movies/100032629/as-good-as-dead,True,healthy,303,82
Damage,movie,2009,1h 47m,R,Action,,https://tubitv.com/movies/565416/damage,True,healthy,230,169
The Forbidden Kingdom,movie,2008,1h 45m,PG-13,"Action, Adventure, Fantasy",,https://tubitv.com/movies/461204/the-forbidden-kingdom,True,healthy,104,152
Lionheart,movie,1990,1h 46m,R,"Action, Crime, Sport",,https://tubitv.com/movies/472710/lionheart,True,healthy,173,156
Today You Die,movie,2005,1h 31m,R,"Action, Crime, Thriller",,https://tubitv.com/movies/100044772/today-you-die,True,healthy,149,33
The Last Dragon,movie,1985,1h 49m,PG-13,"Action, Comedy, Drama",,https://tubitv.com/movies/651100/the-last-dragon,True,healthy,221,129
3 Ninjas Kick Back,movie,1994,1h 34m,PG,"Kids & Family, Comedy, Action",,https://tubitv.com/movies/100005554/3-ninjas-kick-back,True,healthy,23,21
Bring It On: All or Nothing,movie,2006,1h 39m,PG-13,"Comedy, Sport",,https://tubitv.com/movies/616516/bring-it-on-all-or-nothing,True,healthy,73,51
Everybody Hates Chris,series,2009,,TV-PG,Comedy,,https://tubitv.com/series/300015509/everybody-hates-chris,True,healthy,80,150
The Count of Monte Cristo,movie,2002,2h 12m,PG-13,"Adventure, Drama",,https://tubitv.com/movies/100026714/the-count-of-monte-cristo,True,healthy,643,158
No One Would Tell,movie,1996,1h 29m,TV-14,Drama,,https://tubitv.com/movies/546112/no-one-would-tell,True,healthy,80,27
Precious,movie,2009,1h 50m,R,Drama,,https://tubitv.com/movies/100016659/precious,True,healthy,296,158
Degrassi: The Next Generation,series,2015,,TV-PG,Drama,,https://tubitv.com/series/4631/degrassi-the-next-generation,True,healthy,79,150
Miami Vice,series,1984,,TV-14,"Crime, Action, Drama, Mystery, Thriller",,https://tubitv.com/series/300010244/miami-vice,True,healthy,215,152
The I.T. Crowd,series,2013,,TV-14,Comedy,,https://tubitv.com/series/300015693/the-i-t-crowd,True,healthy,327,148
Goosebumps,series,1998,,TV-G,"Horror, Kids & Family, Fantasy",,https://tubitv.com/series/300013625/goosebumps,True,healthy,262,158
Lars and The Real Girl,movie,2007,1h 47m,PG-13,"Comedy, Drama, Independent",,https://tubitv.com/movies/306935/lars-and-the-real-girl,True,healthy,719,55
White Chicks,movie,2004,1h 49m,PG-13,"Comedy, Crime",,https://tubitv.com/movies/670475/white-chicks,True,healthy,143,152
Grown Ups,movie,2010,1h 43m,PG-13,Comedy,,https://tubitv.com/movies/100002158/grown-ups,True,healthy,139,201
Home,movie,2015,1h 34m,PG,"Kids & Family, Animation, Adventure, Sci-Fi, Comedy",,https://tubitv.com/movies/100054800/home,True,healthy,711,258
Zombieland: Double Tap,movie,2019,1h 40m,R,"Action, Comedy, Horror, Sci-Fi",,https://tubitv.com/movies/100053682/zombieland-double-tap,True,healthy,224,131
Scooby-Doo,movie,2002,1h 27m,PG,"Comedy, Mystery, Fantasy, Kids & Family",,https://tubitv.com/movies/515490/scooby-doo,True,healthy,172,255
Grown Ups 2,movie,2013,1h 42m,PG-13,Comedy,,https://tubitv.com/movies/100013977/grown-ups-2,True,healthy,139,152
Scooby-Doo Where Are You?,series,1976,,TV-G,"Kids & Family, Animation, Comedy, Mystery",,https://tubitv.com/series/300006854/scooby-doo-where-are-you,True,healthy,84,130
Tom and Jerry Theatricals,series,1964,,TV-PG,"Kids & Family, Adventure, Animation, Comedy",,https://tubitv.com/series/300000610/tom-and-jerry-theatricals,False,not_found,0,0
The Croods,movie,2013,1h 39m,PG,"Kids & Family, Adventure, Comedy, Animation, Fantasy",,https://tubitv.com/movies/100055111/the-croods,True,healthy,113,158
Looney Tunes,series,2003,,TV-PG,"Kids & Family, Animation, Comedy",,https://tubitv.com/series/300016553/looney-tunes,True,healthy,144,161
Identity Thief,movie,2013,1h 52m,R,"Comedy, Action, Crime",,https://tubitv.com/movies/724345/identity-thief,True,healthy,123,155
White Boy Rick,movie,2018,1h 52m,R,"Drama, Crime, Thriller",,https://tubitv.com/movies/646065/white-boy-rick,True,healthy,110,100
Ransom,movie,1996,2h 2m,R,"Action, Crime, Thriller",,https://tubitv.com/movies/100030210/ransom,True,healthy,201,175
Hustlers,movie,2019,1h 50m,R,"Comedy, Crime, Drama, Independent",,https://tubitv.com/movies/100049900/hustlers,True,healthy,230,171
Armor,movie,2024,1h 29m,R,"Action, Crime, Thriller",,https://tubitv.com/movies/100035706/armor,True,healthy,196,169
The Dirty D,series,2026,,TV-MA,"Crime, Drama",,https://tubitv.com/series/300002654/the-dirty-d,True,healthy,478,145
Can't Buy Loyalty,movie,2026,2h 3m,TV-MA,"Drama, Crime",,https://tubitv.com/movies/100051053/can-t-buy-loyalty,False,not_found,0,0
Watch Your Back,movie,2023,1h 15m,TV-MA,"Drama, Crime",,https://tubitv.com/movies/100020194/watch-your-back,True,healthy,454,98
Rico: Detroit,movie,2025,49m,TV-MA,"Crime, Drama, Romance, Thriller",,https://tubitv.com/movies/100051065/rico-detroit,False,not_found,0,0
Payback,movie,1999,1h 42m,R,"Action, Crime",,https://tubitv.com/movies/100012200/payback,True,healthy,510,168
Good Witch,series,2021,,TV-PG,"Romance, Fantasy, Comedy, Drama",,https://tubitv.com/series/300011028/good-witch,True,healthy,279,165
Front of the Class,movie,2008,1h 38m,TV-PG,"Drama, Biography",,https://tubitv.com/movies/100016008/front-of-the-class,True,healthy,405,47
Beyond the Blackboard,movie,2011,1h 38m,TV-PG,"Drama, Biography",,https://tubitv.com/movies/100016019/beyond-the-blackboard,True,healthy,182,21
What the Deaf Man Heard,movie,1997,1h 39m,TV-PG,"Drama, Comedy",,https://tubitv.com/movies/100015912/what-the-deaf-man-heard,True,low_seed,5,11
The Secrets of Bella Vista,movie,2022,1h 24m,TV-PG,"Romance, Drama",,https://tubitv.com/movies/100051969/the-secrets-of-bella-vista,True,healthy,282,9
Love Blossoms,movie,2017,1h 27m,TV-G,"Romance, Drama",,https://tubitv.com/movies/100018657/love-blossoms,True,healthy,275,73
The Lost Child,movie,2000,1h 39m,TV-PG,Drama,,https://tubitv.com/movies/100021616/the-lost-child,True,healthy,58,161
The Mystery Cruise,movie,2013,1h 23m,TV-PG,"Mystery, Drama",,https://tubitv.com/movies/100015938/the-mystery-cruise,True,healthy,101,15
Love's Complicated,movie,2016,1h 24m,TV-G,"Romance, Comedy, Drama",,https://tubitv.com/movies/100018658/love-s-complicated,True,healthy,27,20
My Gal Sunday,movie,2014,1h 21m,TV-PG,"Mystery, Comedy, Drama",,https://tubitv.com/movies/100015982/my-gal-sunday,True,healthy,40,24
The Other Brother,movie,2026,1h 35m,TV-MA,"Drama, Crime, Thriller",,https://tubitv.com/movies/100054344/the-other-brother,True,healthy,20,50
Love at What Co$t,movie,2026,1h 8m,TV-MA,"Drama, Crime",,https://tubitv.com/movies/100054906/love-at-what-co-t,False,not_found,0,0
Angel and Demon,movie,2025,2h 7m,TV-MA,"Crime, Drama, Romance",,https://tubitv.com/movies/100048428/angel-and-demon,True,healthy,29,23
Death Saved My Life,movie,2021,1h 28m,TV-14,"Drama, Thriller",,https://tubitv.com/movies/100055836/death-saved-my-life,True,healthy,119,19
Georgia Peach,movie,2026,1h 30m,TV-MA,Drama,,https://tubitv.com/movies/100054218/georgia-peach,True,healthy,89,151
Shottas,movie,2002,1h 39m,R,"Crime, Drama, Action, Independent",,https://tubitv.com/movies/494842/shottas,True,healthy,35,59
Karma in Heels,movie,2025,2h 18m,TV-MA,"Drama, Thriller",,https://tubitv.com/movies/100053779/karma-in-heels,True,low_seed,4,3
Her Husbands Enemy,movie,2023,1h 46m,TV-14,"Drama, Crime",,https://tubitv.com/movies/100008308/her-husbands-enemy,False,not_found,0,0
True to the Game,movie,2017,1h 49m,R,"Crime, Drama, Thriller",,https://tubitv.com/movies/717197/true-to-the-game,True,healthy,454,91
Da'Partments,movie,2023,1h 19m,TV-MA,Comedy,,https://tubitv.com/movies/100049585/da-partments,False,not_found,0,0
Exodus: Gods and Kings,movie,2014,2h 31m,PG-13,"Drama, Adventure, Action",,https://tubitv.com/movies/617465/exodus-gods-and-kings,True,healthy,75,154
The Greatest Story Ever Told,movie,1965,3h 20m,G,Drama,,https://tubitv.com/movies/304802/the-greatest-story-ever-told,True,healthy,297,84
Jesus of Nazareth,series,1977,,TV-PG,Drama,,https://tubitv.com/series/3505/jesus-of-nazareth,True,healthy,99,146
Moisés y los diez mandamientos,series,2016,,TV-14,"Drama, Foreign/International",,https://tubitv.com/series/300015307/mois-s-y-los-diez-mandamientos,False,not_found,0,0
The Star,movie,2017,1h 27m,PG,"Kids & Family, Animation, Adventure, Holiday",,https://tubitv.com/movies/100029533/the-star,True,healthy,548,246
Jesús,series,2018,,TV-14,"Drama, Foreign/International",,https://tubitv.com/series/300015392/jes-s,True,healthy,257,152
God's Not Dead,movie,2014,1h 53m,PG,Drama,,https://tubitv.com/movies/100032796/god-s-not-dead,True,healthy,4621,108
The Life of Jesus,movie,2003,3h 4m,PG-13,Drama,,https://tubitv.com/movies/526131/the-life-of-jesus,True,healthy,99,73
War Room,movie,2015,2h 1m,PG,Drama,,https://tubitv.com/movies/557523/war-room,True,healthy,38,159
"Paul, Apostle of Christ",movie,2018,1h 48m,PG-13,Drama,,https://tubitv.com/movies/100054435/paul-apostle-of-christ,True,healthy,5276,84
Limitless,movie,2011,1h 45m,PG-13,"Sci-Fi, Thriller",,https://tubitv.com/movies/100031793/limitless,True,healthy,307,152
The Temptations,series,1998,,TV-PG,"Drama, Music, Biography",,https://tubitv.com/series/300009077/the-temptations,True,healthy,116,156
Cats,movie,2018,1h 31m,PG,"Kids & Family, Adventure, Comedy, Animation",,https://tubitv.com/movies/100029082/cats,True,healthy,155,253
London Has Fallen,movie,2016,1h 39m,TV-14,"Action, Thriller",,https://tubitv.com/movies/100046653/london-has-fallen,True,healthy,144,152
Killer Elite,movie,2011,1h 57m,R,"Action, Crime, Thriller, Independent",,https://tubitv.com/movies/100029474/killer-elite,True,healthy,285,150
Olympus Has Fallen,movie,2013,2h,TV-14,"Action, Thriller",,https://tubitv.com/movies/100046654/olympus-has-fallen,True,healthy,333,153
Kandahar,movie,2023,2h,R,"Thriller, Action",,https://tubitv.com/movies/100041123/kandahar,True,healthy,4653,151
Do You Know Me?,movie,2009,1h 29m,TV-14,"Mystery, Thriller, Drama",,https://tubitv.com/movies/675095/do-you-know-me,True,healthy,267,52
Hush,movie,2016,1h 22m,R,"Horror, Thriller, Independent",,https://tubitv.com/movies/100029081/hush,True,healthy,223,170
A-X-L,movie,2018,1h 39m,PG,"Action, Adventure, Sci-Fi, Kids & Family",,https://tubitv.com/movies/100006344/a-x-l,True,healthy,6193,104
Harsh Times,movie,2005,1h 57m,R,"Action, Crime",,https://tubitv.com/movies/312416/harsh-times,True,healthy,52,95
Road House,movie,2024,2h 2m,R,"Action, Drama, Thriller",,https://tubitv.com/movies/100053681/road-house,True,healthy,1734,169
Arbitrage,movie,2012,1h 48m,R,"Thriller, Drama",,https://tubitv.com/movies/385498/arbitrage,True,healthy,40,151
Mr. Robot,series,2019,,TV-MA,"Drama, Crime, Thriller",,https://tubitv.com/series/300015515/mr-robot,True,healthy,294,141
The Rover,movie,2014,1h 43m,R,"Crime, Drama, Independent, Thriller",,https://tubitv.com/movies/674604/the-rover,True,healthy,276,155
Gemini Man,movie,2019,1h 58m,PG-13,"Action, Sci-Fi, Thriller",,https://tubitv.com/movies/100053674/gemini-man,True,healthy,87,148
Buried,movie,2010,1h 36m,R,"Thriller, Drama, Mystery",,https://tubitv.com/movies/308307/buried,True,healthy,100,203
Megan is Missing,movie,2011,1h 26m,TV-MA,"Drama, Horror, Thriller",,https://tubitv.com/movies/283959/megan-is-missing,True,healthy,200,45
The Collapsed,movie,2011,1h 23m,TV-MA,"Horror, Drama, Sci-Fi, Thriller",,https://tubitv.com/movies/100056005/the-collapsed,True,healthy,534,84
Bullet Train,movie,2022,2h 7m,R,"Action, Comedy, Thriller",,https://tubitv.com/movies/100053685/bullet-train,True,healthy,705,160
Unseen,series,2023,,TV-MA,"Documentary, Crime",,https://tubitv.com/series/300019406/unseen,True,healthy,188,181
The Pig Farm,movie,2011,1h 27m,TV-MA,"Documentary, Crime",,https://tubitv.com/movies/100039378/the-pig-farm,True,healthy,55,19
My Mercury,movie,2024,1h 42m,TV-MA,"Documentary, Independent, Science & Nature",,https://tubitv.com/movies/100038677/my-mercury,True,healthy,293,119
Dave Not Coming Back,movie,2020,1h 36m,TV-14,Documentary,,https://tubitv.com/movies/592405/dave-not-coming-back,True,healthy,8,6
Swamp Murders,series,2017,,TV-14,"Documentary, Crime",,https://tubitv.com/series/300010309/swamp-murders,True,healthy,30,150
Deconstructing Karen,movie,2022,1h 14m,TV-MA,Documentary,,https://tubitv.com/movies/100013232/deconstructing-karen,True,healthy,36,6
After the Millennium,movie,2026,2h 32m,TV-MA,Documentary,,https://tubitv.com/movies/100054675/after-the-millennium,True,low_seed,2,11
Three Identical Strangers,movie,2018,1h 37m,PG-13,"Documentary, Biography, Drama, Mystery",,https://tubitv.com/movies/100028239/three-identical-strangers,True,healthy,1946,60
The Green River Hauntings,movie,2025,1h 22m,TV-MA,"Documentary, Crime",,https://tubitv.com/movies/100050936/the-green-river-hauntings,False,not_found,0,0
VICE News Presents: 'Epstein Didn't Kill Himself',movie,2024,1h 24m,TV-MA,"Documentary, Crime, Mystery",L,https://tubitv.com/movies/100014997/vice-news-presents-epstein-didn-t-kill-himself,False,not_found,0,0
Goodfellas,movie,1990,2h 26m,R,"Drama, Crime",,https://tubitv.com/movies/610572/goodfellas,True,healthy,276,153
"Girl, Interrupted",movie,1999,2h 8m,R,Drama,,https://tubitv.com/movies/556424/girl-interrupted,True,healthy,195,97
Kissing Is the Easy Part,movie,2026,1h 41m,TV-14,Romance,"D, L, S",https://tubitv.com/movies/100050541/kissing-is-the-easy-part,True,healthy,772,6
Coyote Ugly,movie,2000,1h 41m,PG-13,"Comedy, Drama",,https://tubitv.com/movies/607991/coyote-ugly,True,healthy,183,124
Lawless,movie,2012,1h 56m,R,"Western, Action, Crime, Independent",,https://tubitv.com/movies/464155/lawless,True,healthy,341,158
Bones and All,movie,2022,2h 11m,R,"Horror, Drama, Romance",,https://tubitv.com/movies/100042439/bones-and-all,True,healthy,1453,72
The Count of Monte Cristo,movie,2002,2h 12m,PG-13,"Adventure, Drama",,https://tubitv.com/movies/100026714/the-count-of-monte-cristo,True,healthy,643,158
ATL,movie,2006,1h 47m,PG-13,"Comedy, Drama, Romance, Music, Crime",,https://tubitv.com/movies/637111/atl,True,healthy,100,194
Son of God,movie,2014,2h 19m,PG-13,Drama,,https://tubitv.com/movies/577804/son-of-god,True,healthy,207,154
Sidelined: The QB and Me,movie,2024,1h 39m,TV-14,"Romance, Drama, Sport","D, L",https://tubitv.com/movies/100028262/sidelined-the-qb-and-me,True,healthy,1312,18
Scream,movie,1996,1h 52m,R,Horror,,https://tubitv.com/movies/100054992/scream,True,healthy,2647,256
Goosebumps,series,1998,,TV-G,"Horror, Kids & Family, Fantasy",,https://tubitv.com/series/300013625/goosebumps,True,healthy,262,158
Scream 2,movie,1997,2h 1m,R,Horror,,https://tubitv.com/movies/100054993/scream-2,True,healthy,2647,145
In the Mouth of Madness,movie,1994,1h 36m,R,"Horror, Sci-Fi",,https://tubitv.com/movies/715444/in-the-mouth-of-madness,True,healthy,535,90
Ringu,movie,1998,1h 36m,TV-MA,"Horror, Foreign/International",,https://tubitv.com/movies/571822/ringu,True,healthy,184,86
Urban Legend,movie,1998,1h 40m,R,"Thriller, Horror",,https://tubitv.com/movies/528595/urban-legend,True,healthy,150,152
Wolf,movie,1994,2h 6m,R,"Thriller, Horror, Romance",,https://tubitv.com/movies/658088/wolf,True,healthy,639,265
The Exorcist III,movie,1990,1h 50m,R,"Horror, Mystery, Thriller",,https://tubitv.com/movies/466963/the-exorcist-iii,True,healthy,660,66
The Island of Dr. Moreau,movie,1996,1h 41m,PG-13,"Horror, Sci-Fi, Thriller",,https://tubitv.com/movies/100009836/the-island-of-dr-moreau,True,healthy,155,92
Nightbreed: Director's Cut,movie,1990,2h 1m,R,"Horror, Action, Fantasy",,https://tubitv.com/movies/364837/nightbreed-director-s-cut,True,healthy,105,4
House of Wax,movie,2005,1h 53m,R,"Horror, Thriller",,https://tubitv.com/movies/100048010/house-of-wax,True,healthy,164,134
Thirteen Ghosts,movie,2001,1h 31m,R,"Horror, Fantasy, Thriller",,https://tubitv.com/movies/100048009/thirteen-ghosts,True,healthy,49,24
Jeepers Creepers,movie,2001,1h 32m,R,Horror,,https://tubitv.com/movies/312183/jeepers-creepers,True,healthy,1272,161
Jeepers Creepers 2,movie,2003,1h 44m,R,Horror,,https://tubitv.com/movies/712225/jeepers-creepers-2,True,healthy,1272,152
Prom Night,movie,2008,1h 28m,PG-13,Horror,,https://tubitv.com/movies/100019418/prom-night,True,healthy,125,155
The Texas Chainsaw Massacre,movie,2003,1h 39m,R,Horror,,https://tubitv.com/movies/100048007/the-texas-chainsaw-massacre,True,healthy,257,159
The Poughkeepsie Tapes,movie,2007,1h 21m,R,"Horror, Crime",,https://tubitv.com/movies/486922/the-poughkeepsie-tapes,True,healthy,166,55
The Descent,movie,2005,1h 39m,R,"Horror, Thriller",,https://tubitv.com/movies/307206/the-descent,True,healthy,270,160
REC,movie,2007,1h 19m,R,"Horror, Mystery, Thriller, Foreign/International",,https://tubitv.com/movies/685449/rec,True,healthy,653,213
Scream 3,movie,2000,1h 57m,R,Horror,,https://tubitv.com/movies/100054994/scream-3,True,healthy,2647,147
,,,,,,,,,,,
=== CLASSICS ===,,,,,,,,,,,
Tom and Jerry Theatricals,series,1964,,TV-PG,"Kids & Family, Adventure, Animation, Comedy",,https://tubitv.com/series/300000610/tom-and-jerry-theatricals,False,not_found,0,0
12 Angry Men,movie,1957,1h 37m,TV-PG,"Crime, Drama",L,https://tubitv.com/movies/310154/12-angry-men,True,healthy,296,153
Dennis the Menace,movie,1993,1h 36m,PG,"Comedy, Kids & Family",,https://tubitv.com/movies/589380/dennis-the-menace,True,healthy,105,154
Ben-Hur,movie,1959,3h 43m,G,"Adventure, Drama",,https://tubitv.com/movies/100028628/ben-hur,True,healthy,103,157
Fist of Fury,movie,1972,1h 47m,R,"Action, Drama, Foreign/International",,https://tubitv.com/movies/497642/fist-of-fury,True,healthy,367,150
Una luz en el hampa,movie,1964,1h 31m,TV-14,"Crime, Drama",,https://tubitv.com/movies/100011605/una-luz-en-el-hampa,False,not_found,0,0
El cuatrero errante,movie,1950,1h 25m,TV-PG,Western,,https://tubitv.com/movies/100048410/el-cuatrero-errante,False,not_found,0,0
La hija de Frankenstein (Doblado),movie,1971,1h 35m,R,"Horror, Foreign/International",,https://tubitv.com/movies/654634/la-hija-de-frankenstein-doblado,False,not_found,0,0
La batalla de Maratón (Doblado),movie,1959,1h 28m,TV-14,"Action, Adventure, Drama",,https://tubitv.com/movies/612058/la-batalla-de-marat-n-doblado,False,not_found,0,0
El lago de Satán (Doblado),movie,1966,1h 20m,TV-PG,"Horror, Thriller",,https://tubitv.com/movies/688621/el-lago-de-sat-n-doblado,False,not_found,0,0
Los largos cabellos de la muerte (Doblado),movie,1964,1h 37m,TV-MA,Horror,,https://tubitv.com/movies/100010094/los-largos-cabellos-de-la-muerte-doblado,False,not_found,0,0
El ángel y el pistolero (Doblado),movie,1947,1h 40m,TV-14,"Western, Romance",,https://tubitv.com/movies/615627/el-ngel-y-el-pistolero-doblado,False,not_found,0,0
The Blue Lagoon,movie,1980,1h 45m,R,"Drama, Adventure, Romance",,https://tubitv.com/movies/586664/the-blue-lagoon,True,healthy,414,119
Son of Cleopatra,movie,1964,1h 43m,TV-14,"Adventure, Drama",,https://tubitv.com/movies/669275/son-of-cleopatra,False,not_found,0,0
Apasionadamente (Doblado),movie,1954,1h 33m,TV-PG,Drama,,https://tubitv.com/movies/633118/apasionadamente-doblado,False,not_found,0,0
Away All Boats,movie,1956,1h 55m,TV-PG,"Drama, War",,https://tubitv.com/movies/673781/away-all-boats,True,healthy,16,21
La leyenda de Eneas (Doblado),movie,1962,1h 40m,TV-PG,"Adventure, Drama",,https://tubitv.com/movies/682788/la-leyenda-de-eneas-doblado,False,not_found,0,0
Daniel Boone: juicio de fuego (Doblado),movie,1956,1h 16m,TV-14,"Adventure, Western",,https://tubitv.com/movies/100011568/daniel-boone-juicio-de-fuego-doblado,False,not_found,0,0
Hercules (Doblado),movie,1958,1h 43m,G,"Adventure, Fantasy",,https://tubitv.com/movies/723264/hercules-doblado,False,not_found,0,0
Compañeros mortales (Doblado),movie,1961,1h 34m,TV-PG,"Adventure, Western",,https://tubitv.com/movies/100010074/compa-eros-mortales-doblado,False,not_found,0,0
"It Can Be Done, Amigo",movie,1972,1h 44m,TV-PG,"Western, Comedy",,https://tubitv.com/movies/622110/it-can-be-done-amigo,True,healthy,69,11
Sandokan: The Pirates of Malaysia,movie,1964,1h 47m,TV-14,Action,,https://tubitv.com/movies/100010019/sandokan-the-pirates-of-malaysia,False,not_found,0,0
Hasta que las nubes pasen (Doblado),movie,1946,2h 16m,TV-PG,Drama,,https://tubitv.com/movies/713734/hasta-que-las-nubes-pasen-doblado,False,not_found,0,0
La reina de Nueva York (Doblado),movie,1937,1h 17m,TV-PG,"Comedy, Drama, Foreign/International",,https://tubitv.com/movies/655196/la-reina-de-nueva-york-doblado,False,not_found,0,0
She Beast,movie,1966,1h 20m,PG,"Horror, Thriller",,https://tubitv.com/movies/689001/she-beast,True,healthy,40,20
Sandokan: los piratas de Malasia (Doblado),movie,1964,1h 47m,TV-14,"Adventure, Action, Foreign/International",,https://tubitv.com/movies/100010073/sandokan-los-piratas-de-malasia-doblado,False,not_found,0,0
Perversidad (Mala mujer),movie,1945,1h 42m,TV-PG,"Thriller, Crime, Drama",,https://tubitv.com/movies/100035362/perversidad-mala-mujer,False,not_found,0,0
El extraño (Doblado),movie,1946,1h 35m,TV-PG,"Crime, Drama, Mystery, Thriller",,https://tubitv.com/movies/713800/el-extra-o-doblado,False,not_found,0,0
El regreso de la banda invencible,movie,1970,1h 5m,TV-PG,"Western, Comedy",,https://tubitv.com/movies/100040261/el-regreso-de-la-banda-invencible,False,not_found,0,0
La muerte viaja a caballo (Doblado),movie,1967,1h 55m,R,Western,,https://tubitv.com/movies/100011571/la-muerte-viaja-a-caballo-doblado,False,not_found,0,0
Hacha de guerra (Doblado),movie,1956,1h 20m,TV-PG,"Western, Drama, Romance",,https://tubitv.com/movies/100003063/hacha-de-guerra-doblado,False,not_found,0,0
Esther y el rey (Doblado),movie,1960,1h 50m,TV-14,Drama,,https://tubitv.com/movies/615656/esther-y-el-rey-doblado,False,not_found,0,0
El inspector general (Doblado),movie,1949,1h 42m,TV-PG,"Comedy, Romance, Musicals",,https://tubitv.com/movies/602963/el-inspector-general-doblado,False,not_found,0,0
Luna nueva (Doblado),movie,1940,1h 32m,TV-PG,"Comedy, Drama, Romance",,https://tubitv.com/movies/713711/luna-nueva-doblado,False,not_found,0,0
Vivir con papá (Doblado),movie,1947,1h 53m,TV-PG,"Comedy, Foreign/International",,https://tubitv.com/movies/100004882/vivir-con-pap-doblado,False,not_found,0,0
The Body Stealers,movie,1969,1h 31m,PG,"Horror, Sci-Fi",,https://tubitv.com/movies/713903/the-body-stealers,True,healthy,48,6
"Charada ""La farsa"" (Doblado)",movie,1963,1h 54m,TV-PG,"Comedy, Mystery, Romance",,https://tubitv.com/movies/682049/charada-la-farsa-doblado,False,not_found,0,0
The Long Hair of Death,movie,1964,1h 37m,TV-MA,"Horror, Fantasy",,https://tubitv.com/movies/100010021/the-long-hair-of-death,True,healthy,6,19
Hercules contra los tiranos de Babilonia (Doblado),movie,1964,1h 38m,TV-14,"Adventure, Fantasy, Action, Foreign/International",,https://tubitv.com/movies/688624/hercules-contra-los-tiranos-de-babilonia-doblado,False,not_found,0,0
Atlas en la tierra de los cíclopes (Doblado),movie,1961,1h 40m,TV-PG,"Action, Adventure, Fantasy, Foreign/International",,https://tubitv.com/movies/616416/atlas-en-la-tierra-de-los-c-clopes-doblado,False,not_found,0,0
Los peligros de Paulina (Doblado),movie,1947,1h 33m,TV-PG,"Comedy, Drama, Foreign/International",,https://tubitv.com/movies/100026004/los-peligros-de-paulina-doblado,False,not_found,0,0
Amantes de ultratumba (Doblado),movie,1965,1h 45m,TV-MA,Horror,,https://tubitv.com/movies/100010095/amantes-de-ultratumba-doblado,False,not_found,0,0
El padre es abuelo (Doblado),movie,1951,1h 25m,TV-PG,"Comedy, Romance, Drama",,https://tubitv.com/movies/100010093/el-padre-es-abuelo-doblado,False,not_found,0,0
Hercules encadenado (Doblado),movie,1959,1h 34m,TV-PG,"Adventure, Action, Fantasy, Foreign/International",,https://tubitv.com/movies/688622/hercules-encadenado-doblado,False,not_found,0,0
Gilligan's Island,series,1967,,TV-G,"Comedy, Adventure, Kids & Family",,https://tubitv.com/series/300000124/gilligan-s-island,True,healthy,13,47
The Flintstones,series,1960,,TV-G,"Kids & Family, Animation, Comedy",,https://tubitv.com/series/300006856/the-flintstones,True,healthy,65,151
The Avenger,movie,1962,1h 40m,TV-PG,"Adventure, Drama",,https://tubitv.com/movies/681343/the-avenger,True,healthy,2121,186
Hercules Conquers Atlantis,movie,1961,1h 41m,TV-14,"Action, Adventure",,https://tubitv.com/movies/613757/hercules-conquers-atlantis,False,not_found,0,0
The Giant of Marathon,movie,1959,1h 28m,TV-14,"War, Action, Adventure, Drama",,https://tubitv.com/movies/611471/the-giant-of-marathon,True,low_seed,0,3
Bombsight Stolen,movie,1941,1h 30m,TV-PG,"War, Thriller",,https://tubitv.com/movies/100010018/bombsight-stolen,True,healthy,93,7
Goliath and the Dragon (Vengeance of Hercules),movie,1960,1h 24m,G,"Action, Adventure, Drama",,https://tubitv.com/movies/614634/goliath-and-the-dragon-vengeance-of-hercules,False,not_found,0,0
The Adventures of Tartu,movie,1943,1h 48m,TV-14,"Drama, Thriller, War",,https://tubitv.com/movies/100011583/the-adventures-of-tartu,True,healthy,8,2
High Lonesome,movie,1950,1h 24m,TV-PG,"Western, Crime, Mystery",,https://tubitv.com/movies/607423/high-lonesome,True,healthy,23,32
Seven Brides For Seven Brothers,movie,1954,1h 42m,G,"Western, Comedy, Romance, Musicals",,https://tubitv.com/movies/100019810/seven-brides-for-seven-brothers,True,healthy,130,57
Hercules and the Tyrants of Babylon,movie,1964,1h 36m,TV-14,"Action, Adventure, Fantasy, Foreign/International",,https://tubitv.com/movies/688135/hercules-and-the-tyrants-of-babylon,True,low_seed,0,1
El libro de la selva (Doblado),movie,1942,1h 46m,TV-PG,"Action, Adventure, Kids & Family",,https://tubitv.com/movies/723259/el-libro-de-la-selva-doblado,False,not_found,0,0
They Were Expendable,movie,1945,2h 15m,TV-PG,"Drama, War",,https://tubitv.com/movies/100055400/they-were-expendable,True,healthy,29,38
Operation Pacific,movie,1951,1h 50m,TV-14,"Drama, Romance, War",,https://tubitv.com/movies/100055390/operation-pacific,True,healthy,16,31
North By Northwest,movie,1959,2h 17m,TV-PG,"Action, Adventure, Mystery, Thriller",,https://tubitv.com/movies/100012522/north-by-northwest,True,healthy,344,103
Hercules,movie,1958,1h 38m,G,"Action, Adventure, Fantasy",,https://tubitv.com/movies/599223/hercules,True,healthy,337,185
Them!,movie,1954,1h 33m,TV-PG,"Horror, Sci-Fi",,https://tubitv.com/movies/100028504/them,True,healthy,145,217
A Fistful of Dollars,movie,1966,1h 41m,R,Western,,https://tubitv.com/movies/375600/a-fistful-of-dollars,True,healthy,286,126
Bullitt,movie,1968,1h 54m,PG,"Action, Crime, Thriller",,https://tubitv.com/movies/100012203/bullitt,True,healthy,105,158
They Call Me Trinity,movie,1970,1h 56m,G,"Western, Comedy",,https://tubitv.com/movies/646736/they-call-me-trinity,True,healthy,72,70
For a Few Dollars More,movie,1967,2h 12m,R,"Western, Action, Drama",,https://tubitv.com/movies/643079/for-a-few-dollars-more,True,healthy,261,125
The Graduate,movie,1967,1h 46m,PG,"Drama, Comedy, Romance",,https://tubitv.com/movies/642249/the-graduate,True,healthy,372,158
Tom and Jerry: Chuck Jones Collection,series,1965,,TV-PG,"Kids & Family, Adventure, Animation, Comedy",,https://tubitv.com/series/300000611/tom-and-jerry-chuck-jones-collection,True,low_seed,3,3
The Music Man,movie,1962,2h 32m,G,"Musicals, Comedy, Romance, Kids & Family",,https://tubitv.com/movies/100012574/the-music-man,True,healthy,148,116
Barabbas,movie,1962,2h 18m,TV-14,Drama,,https://tubitv.com/movies/674367/barabbas,True,healthy,395,87
Solomon and Sheba,movie,1959,2h 22m,TV-PG,"Adventure, Drama, Romance",,https://tubitv.com/movies/302254/solomon-and-sheba,True,healthy,448,41
Meet Me in St. Louis,movie,1944,1h 53m,TV-PG,"Drama, Comedy, Holiday, Musicals",,https://tubitv.com/movies/100028499/meet-me-in-st-louis,True,healthy,103,45
Quo Vadis,movie,1951,2h 55m,TV-PG,"Drama, Romance",,https://tubitv.com/movies/100021231/quo-vadis,True,healthy,98,134
Sergeant York,movie,1941,2h 15m,TV-PG,"Drama, War",,https://tubitv.com/movies/100012551/sergeant-york,True,healthy,45,38
Guess Who's Coming to Dinner,movie,1967,1h 49m,TV-14,"Drama, Comedy",,https://tubitv.com/movies/100022158/guess-who-s-coming-to-dinner,True,healthy,51,53
The Great Escape,movie,1963,2h 53m,TV-PG,"Action, Thriller, Drama",,https://tubitv.com/movies/593678/the-great-escape,True,healthy,247,159
The Philadelphia Story,movie,1940,1h 53m,TV-14,"Comedy, Romance",,https://tubitv.com/movies/100012699/the-philadelphia-story,True,healthy,112,53
My Name Is Nobody,movie,1973,1h 57m,PG,"Foreign/International, Western, Comedy",,https://tubitv.com/movies/488455/my-name-is-nobody,True,healthy,95,80
Rescue From Gilligan's Island,movie,1978,1h 36m,TV-PG,Comedy,,https://tubitv.com/movies/100028861/rescue-from-gilligan-s-island,True,healthy,13,7
The Alamo,movie,1960,2h 42m,TV-PG,"Western, Action, Drama",,https://tubitv.com/movies/302681/the-alamo,True,healthy,80,158
The Magnificent Seven,movie,1960,2h 9m,TV-PG,"Western, Action",,https://tubitv.com/movies/375599/the-magnificent-seven,True,healthy,291,159
McLintock!,movie,1963,2h 11m,TV-PG,Western,,https://tubitv.com/movies/601252/mclintock,True,healthy,12,37
Support Your Local Sheriff!,movie,1969,1h 33m,G,"Comedy, Western",,https://tubitv.com/movies/100014247/support-your-local-sheriff,True,healthy,19,17
The Big Country,movie,1958,2h 47m,TV-PG,Western,,https://tubitv.com/movies/100010923/the-big-country,True,healthy,135,135
The Apartment,movie,1960,2h 6m,TV-14,"Comedy, Romance, Drama",,https://tubitv.com/movies/312409/the-apartment,True,healthy,211,169
"The Long, Long Trailer",movie,1954,1h 36m,TV-PG,"Comedy, Romance",,https://tubitv.com/movies/100019816/the-long-long-trailer,True,healthy,44,23
The Thing From Another World,movie,1951,1h 27m,TV-PG,"Sci-Fi, Horror",,https://tubitv.com/movies/100001605/the-thing-from-another-world,True,healthy,75,56
The Adventures Of Robin Hood,movie,1938,1h 42m,PG,"Action, Adventure",,https://tubitv.com/movies/100012238/the-adventures-of-robin-hood,True,healthy,370,92
Seven Samurai,movie,1954,3h 28m,TV-14,"Action, Drama, Foreign/International",,https://tubitv.com/movies/100051686/seven-samurai,True,healthy,192,122
Jason and the Argonauts,movie,1963,1h 44m,G,"Adventure, Action, Fantasy",,https://tubitv.com/movies/674726/jason-and-the-argonauts,True,healthy,559,86
Some Like It Hot,movie,1959,2h 2m,G,"Comedy, Musicals, Romance",,https://tubitv.com/movies/300511/some-like-it-hot,True,healthy,160,153
Trinity Is Still My Name,movie,1971,1h 58m,G,"Comedy, Western",,https://tubitv.com/movies/646737/trinity-is-still-my-name,True,healthy,24,36
Hazel,series,1961,,TV-G,"Comedy, Kids & Family",,https://tubitv.com/series/300017682/hazel,True,healthy,298,143
What Ever Happened to Baby Jane?,movie,1962,2h 14m,TV-PG,"Drama, Horror, Thriller",,https://tubitv.com/movies/100028549/what-ever-happened-to-baby-jane,True,healthy,100,60
West Side Story,movie,1961,2h 34m,TV-PG,"Drama, Musicals, Romance",,https://tubitv.com/movies/643081/west-side-story,True,healthy,138,154
In the Heat of the Night,movie,1967,1h 51m,TV-MA,"Drama, Crime, Mystery",,https://tubitv.com/movies/689652/in-the-heat-of-the-night,True,healthy,40,152
"Yours, Mine and Ours",movie,1968,1h 52m,TV-PG,"Kids & Family, Comedy",,https://tubitv.com/movies/302753/yours-mine-and-ours,True,healthy,24,72
The Three Stooges + Comedy Gold Standard,series,2000,,TV-PG,Comedy,,https://tubitv.com/series/300001122/the-three-stooges-comedy-gold-standard,False,not_found,0,0
El Libro de Piedra,movie,1969,1h 40m,TV-MA,"Horror, Mystery, Fantasy, Foreign/International",,https://tubitv.com/movies/100039255/el-libro-de-piedra,True,low_seed,2,5
Mr. Smith Goes to Washington,movie,1939,2h 11m,TV-G,Drama,,https://tubitv.com/movies/100039102/mr-smith-goes-to-washington,True,healthy,140,47
The Nun's Story,movie,1959,2h 32m,TV-PG,Drama,,https://tubitv.com/movies/100028859/the-nun-s-story,True,healthy,94,30
Gidget (1959),movie,1959,1h 36m,TV-G,"Comedy, Drama, Romance",,https://tubitv.com/movies/658541/gidget-1959,True,healthy,99,14
A Shot In The Dark,movie,1964,1h 43m,PG,Comedy,,https://tubitv.com/movies/302248/a-shot-in-the-dark,True,healthy,251,153
"Bell, Book and Candle",movie,1958,1h 43m,TV-PG,"Comedy, Romance, Fantasy",,https://tubitv.com/movies/100007674/bell-book-and-candle,True,healthy,58,30
The Vampire Lovers,movie,1970,1h 32m,R,Horror,,https://tubitv.com/movies/100005362/the-vampire-lovers,True,healthy,75,36
The Trouble with Angels,movie,1966,1h 52m,PG,Comedy,,https://tubitv.com/movies/100008108/the-trouble-with-angels,True,healthy,67,36
Albuquerque,movie,1948,1h 30m,TV-PG,"Western, Drama",,https://tubitv.com/movies/100046574/albuquerque,True,healthy,34,148
The Gallant Hours,movie,1960,1h 57m,TV-PG,"War, Drama, Adventure",,https://tubitv.com/movies/307480/the-gallant-hours,True,healthy,143,22
Exodus,movie,1960,3h 28m,TV-14,"Action, Drama, War",,https://tubitv.com/movies/334153/exodus,True,healthy,2052,160
Gun the Man Down,movie,1956,1h 17m,TV-PG,Western,,https://tubitv.com/movies/100006657/gun-the-man-down,True,healthy,25,10
Wagon Train,series,1963,,TV-PG,Western,,https://tubitv.com/series/300009167/wagon-train,True,healthy,23,150
Battle of Britain,movie,1969,2h 12m,G,"Action, Drama, War",,https://tubitv.com/movies/310122/battle-of-britain,True,healthy,246,156
A Face in the Crowd,movie,1957,2h 6m,TV-14,"Drama, Music",,https://tubitv.com/movies/100019798/a-face-in-the-crowd,True,healthy,58,49
Life With Father,movie,1947,1h 58m,TV-PG,"Comedy, Drama",,https://tubitv.com/movies/601136/life-with-father,True,healthy,71,29
Shadows Over Chinatown,movie,1946,1h 5m,TV-PG,"Drama, Mystery",,https://tubitv.com/movies/100023703/shadows-over-chinatown,True,healthy,15,4
"Run Silent, Run Deep",movie,1958,1h 34m,G,"War, Drama, Action",,https://tubitv.com/movies/306946/run-silent-run-deep,True,healthy,117,82
The Ten Commandments,movie,1923,2h 17m,TV-PG,"Drama, Fantasy",,https://tubitv.com/movies/499726/the-ten-commandments,True,healthy,246,133
Man of the West,movie,1958,1h 40m,TV-PG,"Western, Drama, Romance",,https://tubitv.com/movies/301924/man-of-the-west,True,healthy,87,63
The Great Race,movie,1965,2h 33m,TV-PG,"Comedy, Adventure",,https://tubitv.com/movies/100012219/the-great-race,True,healthy,94,159
It Happened to Jane,movie,1959,1h 38m,TV-PG,Comedy,,https://tubitv.com/movies/100004704/it-happened-to-jane,True,healthy,54,20
The Thomas Crown Affair (1968),movie,1968,1h 43m,R,Drama,,https://tubitv.com/movies/670922/the-thomas-crown-affair-1968,True,healthy,79,54
Zulu,movie,1964,2h 19m,TV-14,"Drama, War",,https://tubitv.com/movies/698087/zulu,True,healthy,712,160
Harriet Craig,movie,1950,1h 35m,TV-PG,Drama,,https://tubitv.com/movies/100005606/harriet-craig,True,healthy,11,6
Charade,movie,1963,1h 54m,TV-PG,"Comedy, Mystery, Romance",,https://tubitv.com/movies/682992/charade,True,healthy,521,134
Oliver!,movie,1968,2h 26m,G,"Drama, Music",,https://tubitv.com/movies/100046897/oliver,True,healthy,675,119
The Third Man,movie,1949,1h 45m,TV-14,"Thriller, Drama, Mystery",,https://tubitv.com/movies/465493/the-third-man,True,healthy,222,135
Anzio,movie,1968,1h 58m,PG-13,"War, Drama",,https://tubitv.com/movies/100005556/anzio,True,healthy,31,65
The White Buffalo,movie,1977,1h 38m,PG,Western,,https://tubitv.com/movies/303020/the-white-buffalo,True,healthy,50,79
A Streetcar Named Desire,movie,1951,2h 5m,PG,Drama,,https://tubitv.com/movies/100012530/a-streetcar-named-desire,True,healthy,112,89
Stand by for Action,movie,1942,1h 49m,TV-PG,"War, Drama",,https://tubitv.com/movies/100055424/stand-by-for-action,True,healthy,33,9
Animal Farm,movie,1954,1h 14m,TV-PG,"Animation, Drama",,https://tubitv.com/movies/506707/animal-farm,True,healthy,303,124
The Seven Year Itch,movie,1955,1h 45m,TV-PG,Comedy,,https://tubitv.com/movies/100006011/the-seven-year-itch,True,healthy,124,79
The Wackiest Ship in the Army,movie,1961,1h 40m,TV-14,"Comedy, Drama, War",,https://tubitv.com/movies/695618/the-wackiest-ship-in-the-army,True,healthy,114,29
The Children's Hour,movie,1962,1h 49m,TV-14,Drama,,https://tubitv.com/movies/302148/the-children-s-hour,True,healthy,276,22
Gidget Goes Hawaiian,movie,1961,1h 42m,TV-G,"Comedy, Romance, Music",,https://tubitv.com/movies/658543/gidget-goes-hawaiian,True,healthy,33,7
Support Your Local Gunfighter,movie,1971,1h 33m,G,"Comedy, Western",,https://tubitv.com/movies/304809/support-your-local-gunfighter,True,healthy,36,47
The Best Years of Our Lives,movie,1946,2h 51m,TV-PG,"Drama, Romance, War",,https://tubitv.com/movies/100048414/the-best-years-of-our-lives,True,healthy,89,55
It Happened One Night,movie,1934,1h 46m,TV-14,"Comedy, Romance",,https://tubitv.com/movies/691829/it-happened-one-night,True,healthy,639,143
The Hound of the Baskervilles,movie,1939,1h 20m,TV-PG,"Mystery, Horror, Thriller",,https://tubitv.com/movies/559765/the-hound-of-the-baskervilles,True,healthy,67,129
Witness For The Prosecution (1958),movie,1958,1h 57m,TV-14,"Crime, Drama, Mystery",,https://tubitv.com/movies/305031/witness-for-the-prosecution-1958,True,low_seed,0,1
The Battle of Algiers,movie,1966,2h 2m,TV-14,"Drama, War, Independent, Foreign/International",,https://tubitv.com/movies/100046728/the-battle-of-algiers,True,healthy,101,62
It Came From Beneath the Sea,movie,1955,1h 20m,TV-PG,"Horror, Sci-Fi",,https://tubitv.com/movies/100007478/it-came-from-beneath-the-sea,True,healthy,131,37
Alexander The Great,movie,1956,2h 16m,TV-14,"Drama, Documentary, War",,https://tubitv.com/movies/306919/alexander-the-great,True,healthy,253,154
Strangers on a Train,movie,1951,1h 41m,PG,"Thriller, Crime, Drama",,https://tubitv.com/movies/100012529/strangers-on-a-train,True,healthy,84,103
Please Don't Eat the Daisies,movie,1960,1h 51m,TV-PG,"Comedy, Musicals, Romance",,https://tubitv.com/movies/100021218/please-don-t-eat-the-daisies,True,healthy,15,9
The Taking of Pelham One Two Three,movie,1974,1h 45m,R,"Action, Crime, Thriller",,https://tubitv.com/movies/303184/the-taking-of-pelham-one-two-three,True,healthy,131,68
The Seventh Seal,movie,1957,1h 38m,TV-14,"Drama, Fantasy, Foreign/International",,https://tubitv.com/movies/100051693/the-seventh-seal,True,healthy,161,88
The Lion in Winter,movie,1968,2h 15m,PG,Drama,,https://tubitv.com/movies/100038978/the-lion-in-winter,True,healthy,380,74
The Postman Always Rings Twice,movie,1946,1h 53m,TV-PG,"Drama, Crime",,https://tubitv.com/movies/100012550/the-postman-always-rings-twice,True,healthy,352,79
Lawman,movie,1971,1h 39m,R,"Western, Action",,https://tubitv.com/movies/302696/lawman,True,healthy,220,158
Thirty Seconds Over Tokyo,movie,1944,2h 19m,TV-PG,"Drama, War",,https://tubitv.com/movies/100021239/thirty-seconds-over-tokyo,True,healthy,33,35
Death Valley Days,series,1970,,TV-PG,"Western, Drama",,https://tubitv.com/series/300002287/death-valley-days,True,healthy,21,150
The Little Foxes,movie,1941,1h 56m,TV-PG,"Drama, Romance",,https://tubitv.com/movies/100048415/the-little-foxes,True,healthy,61,31
Cast a Giant Shadow,movie,1966,2h 19m,TV-14,"Action, Drama",,https://tubitv.com/movies/100010928/cast-a-giant-shadow,True,healthy,15,30
Viva Las Vegas!,movie,1964,1h 25m,TV-PG,"Musicals, Comedy, Romance",,https://tubitv.com/movies/100012552/viva-las-vegas,True,healthy,12,74
South Pacific,movie,1958,2h 38m,TV-PG,"Drama, Musicals, Romance",,https://tubitv.com/movies/100010969/south-pacific,True,healthy,163,130
The Night Of The Hunter,movie,1955,1h 33m,TV-14,"Drama, Crime, Thriller",,https://tubitv.com/movies/302723/the-night-of-the-hunter,True,healthy,91,90
Clambake,movie,1967,1h 40m,TV-PG,"Comedy, Musicals",,https://tubitv.com/movies/310125/clambake,True,healthy,101,78
The Wrecking Crew,movie,1969,1h 46m,R,"Comedy, Crime",,https://tubitv.com/movies/658803/the-wrecking-crew,True,healthy,3751,119
Earth vs. the Flying Saucers,movie,1956,1h 24m,TV-PG,Sci-Fi,,https://tubitv.com/movies/100005758/earth-vs-the-flying-saucers,True,healthy,76,52
Moby Dick,movie,1956,1h 56m,TV-PG,"Drama, Action, Adventure",,https://tubitv.com/movies/300453/moby-dick,True,healthy,451,153
Ivanhoe,movie,1952,1h 47m,TV-PG,"Adventure, Drama, Romance",,https://tubitv.com/movies/100021228/ivanhoe,True,healthy,112,106
Lilies of the Field,movie,1963,1h 35m,TV-PG,"Drama, Comedy",,https://tubitv.com/movies/305870/lilies-of-the-field,True,healthy,33,40
Stagecoach,movie,1939,1h 36m,TV-PG,"Western, Action",,https://tubitv.com/movies/499716/stagecoach,True,healthy,143,160
Oklahoma!,movie,1955,2h 21m,G,"Comedy, Drama, Romance, Musicals",,https://tubitv.com/movies/100016213/oklahoma,True,healthy,23,20
Mysterious Island,movie,1961,1h 41m,TV-14,"Adventure, Sci-Fi, Fantasy",,https://tubitv.com/movies/100004718/mysterious-island,True,healthy,161,161
Loving You,movie,1957,1h 42m,TV-PG,"Drama, Musicals, Romance",,https://tubitv.com/movies/100018120/loving-you,True,healthy,103,250
The 7th Voyage of Sinbad,movie,1958,1h 29m,TV-G,"Adventure, Action, Fantasy",,https://tubitv.com/movies/691744/the-7th-voyage-of-sinbad,True,healthy,798,56
Battleground,movie,1949,1h 59m,TV-14,"Drama, Action, War",,https://tubitv.com/movies/100055404/battleground,True,healthy,234,160
Autumn Leaves,movie,1956,1h 47m,TV-PG,"Drama, Mystery, Romance, Thriller",,https://tubitv.com/movies/100007587/autumn-leaves,True,healthy,63,87
Adam's Rib,movie,1949,1h 41m,TV-PG,"Comedy, Romance",,https://tubitv.com/movies/100021250/adam-s-rib,True,healthy,123,18
My Man Godfrey,movie,1936,1h 34m,TV-PG,"Comedy, Romance, Drama",,https://tubitv.com/movies/393552/my-man-godfrey,True,healthy,105,51
Stranger on Horseback,movie,1955,1h 6m,TV-14,"Western, Drama, Thriller",,https://tubitv.com/movies/100047512/stranger-on-horseback,True,healthy,34,6
The Born Losers,movie,1967,1h 54m,PG,"Action, Drama, Thriller",,https://tubitv.com/movies/100010893/the-born-losers,True,healthy,21,36
The Golden Voyage of Sinbad,movie,1974,1h 46m,G,"Adventure, Action, Fantasy",,https://tubitv.com/movies/674379/the-golden-voyage-of-sinbad,True,healthy,136,52
A Night to Remember,movie,1958,2h 4m,TV-PG,Drama,,https://tubitv.com/movies/100006408/a-night-to-remember,True,healthy,113,135
Stalag 17,movie,1953,2h 1m,TV-PG,"War, Comedy, Drama",,https://tubitv.com/movies/545196/stalag-17,True,healthy,220,69
Ocean's 11,movie,1960,2h 8m,TV-PG,"Comedy, Crime, Music",,https://tubitv.com/movies/100021230/ocean-s-11,True,healthy,263,138
White Lightning,movie,1973,1h 42m,PG,"Action, Crime, Drama",,https://tubitv.com/movies/302746/white-lightning,True,healthy,138,74
Alfred Hitchcock Presents,series,1932,,TV-14,"Mystery, Thriller, Drama, Crime",,https://tubitv.com/series/300000569/alfred-hitchcock-presents,True,healthy,121,111
Mr. Majestyk,movie,1974,1h 44m,PG,"Action, Crime",,https://tubitv.com/movies/312188/mr-majestyk,True,healthy,502,57
Carry on Camping,movie,1969,1h 29m,R,Comedy,,https://tubitv.com/movies/100004561/carry-on-camping,True,healthy,30,25
The Pink Panther,movie,1963,1h 56m,TV-14,"Comedy, Crime, Mystery",,https://tubitv.com/movies/689650/the-pink-panther,True,healthy,244,171
"Walk, Don't Run",movie,1966,1h 54m,TV-PG,"Comedy, Romance",,https://tubitv.com/movies/100007688/walk-don-t-run,True,healthy,24,9
Dodge City,movie,1939,1h 44m,TV-PG,Western,,https://tubitv.com/movies/100021235/dodge-city,True,healthy,450,80
The Unsinkable Molly Brown,movie,1964,2h 9m,TV-PG,"Comedy, Musicals, Romance, Western",,https://tubitv.com/movies/100028550/the-unsinkable-molly-brown,True,healthy,13,18
The Adventures of Ozzie and Harriet,series,1966,,TV-G,"Kids & Family, Comedy",,https://tubitv.com/series/300009663/the-adventures-of-ozzie-and-harriet,True,healthy,22,14
Metropolis,movie,1927,2h 24m,TV-PG,"Drama, Sci-Fi",,https://tubitv.com/movies/666318/metropolis,True,healthy,320,158
Dead Ringer,movie,1963,1h 56m,TV-PG,"Thriller, Crime",,https://tubitv.com/movies/100028548/dead-ringer,True,healthy,249,102
Only the Valiant,movie,1951,1h 45m,TV-PG,Western,,https://tubitv.com/movies/100053418/only-the-valiant,True,healthy,95,22
The Producers,movie,1967,1h 29m,TV-PG,Comedy,,https://tubitv.com/movies/100006508/the-producers,True,healthy,115,128
Bataan,movie,1943,1h 55m,TV-14,"War, Drama",,https://tubitv.com/movies/100055428/bataan,True,healthy,45,58
No Time for Sergeants,movie,1958,1h 59m,TV-PG,"Comedy, War",,https://tubitv.com/movies/100028506/no-time-for-sergeants,True,healthy,10,10
Midnight Cowboy,movie,1969,1h 54m,R,Drama,,https://tubitv.com/movies/312187/midnight-cowboy,True,healthy,169,93
Green Acres,series,1971,,TV-G,Comedy,,https://tubitv.com/series/3202/green-acres,True,healthy,108,67
Popeye and Friends (Vol. 1),movie,1937,1h 6m,TV-G,"Kids & Family, Animation, Comedy",,https://tubitv.com/movies/490046/popeye-and-friends-vol-1,True,low_seed,0,1
The Texan,series,1960,,TV-PG,Western,,https://tubitv.com/series/300009448/the-texan,True,healthy,120,100
Batman,movie,1943,3h 36m,TV-PG,"Action, Adventure, Crime, Fantasy",,https://tubitv.com/movies/636895/batman,True,healthy,238,281
On the Beach,movie,1959,2h 15m,TV-PG,"Sci-Fi, Drama, Romance",,https://tubitv.com/movies/100043745/on-the-beach,True,healthy,280,169
Woody Woodpecker,movie,1957,1h 31m,TV-G,"Animation, Comedy, Kids & Family",,https://tubitv.com/movies/484421/woody-woodpecker,True,healthy,675,114
